2026-04-24 16:56:49,Bạn thân thương,Bận - Mừng online
2026-04-24 16:57:36,Bạn thân thương,Bận - Mừng online
2026-04-24 16:57:40,Bạn thân thương,Bận - Mừng online
2026-04-24 16:59:57,Bạn thân thương,Tham gia
2026-04-24 17:36:13,Bạn thân thương,Tham gia
2026-04-24 17:36:23,Bạn thân thương,Tham gia
2026-04-24 18:06:28,Bạn thân thương,Tham gia
2026-04-24 19:01:11,Bạn thân thương,Tham gia
2026-04-24 19:35:59,Bạn thân thương,Tham gia
2026-04-24 19:36:06,Bạn thân thương,Bận - Mừng online
2026-04-24 19:36:12,Bạn thân thương,Bận - Mừng online
